{
    "name": "root",
    "gauges": {
        "VacumBrain.Policy.Entropy.mean": {
            "value": 2.1897706985473633,
            "min": 2.1897706985473633,
            "max": 2.1897706985473633,
            "count": 1
        },
        "VacumBrain.Policy.Entropy.sum": {
            "value": 111108.9609375,
            "min": 111108.9609375,
            "max": 111108.9609375,
            "count": 1
        },
        "VacumBrain.Environment.EpisodeLength.mean": {
            "value": 58.248454882571075,
            "min": 58.248454882571075,
            "max": 58.248454882571075,
            "count": 1
        },
        "VacumBrain.Environment.EpisodeLength.sum": {
            "value": 47123.0,
            "min": 47123.0,
            "max": 47123.0,
            "count": 1
        },
        "VacumBrain.Step.mean": {
            "value": 49980.0,
            "min": 49980.0,
            "max": 49980.0,
            "count": 1
        },
        "VacumBrain.Step.sum": {
            "value": 49980.0,
            "min": 49980.0,
            "max": 49980.0,
            "count": 1
        },
        "VacumBrain.Policy.ExtrinsicValueEstimate.mean": {
            "value": -0.07270972430706024,
            "min": -0.07270972430706024,
            "max": -0.07270972430706024,
            "count": 1
        },
        "VacumBrain.Policy.ExtrinsicValueEstimate.sum": {
            "value": -96.12225341796875,
            "min": -96.12225341796875,
            "max": -96.12225341796875,
            "count": 1
        },
        "VacumBrain.Environment.CumulativeReward.mean": {
            "value": -0.765142150803461,
            "min": -0.765142150803461,
            "max": -0.765142150803461,
            "count": 1
        },
        "VacumBrain.Environment.CumulativeReward.sum": {
            "value": -619.0,
            "min": -619.0,
            "max": -619.0,
            "count": 1
        },
        "VacumBrain.Policy.ExtrinsicReward.mean": {
            "value": -0.765142150803461,
            "min": -0.765142150803461,
            "max": -0.765142150803461,
            "count": 1
        },
        "VacumBrain.Policy.ExtrinsicReward.sum": {
            "value": -619.0,
            "min": -619.0,
            "max": -619.0,
            "count": 1
        },
        "VacumBrain.Losses.PolicyLoss.mean": {
            "value": 0.02179508060313916,
            "min": 0.02179508060313916,
            "max": 0.02179508060313916,
            "count": 1
        },
        "VacumBrain.Losses.PolicyLoss.sum": {
            "value": 0.08718032241255665,
            "min": 0.08718032241255665,
            "max": 0.08718032241255665,
            "count": 1
        },
        "VacumBrain.Losses.ValueLoss.mean": {
            "value": 0.08823497900739312,
            "min": 0.08823497900739312,
            "max": 0.08823497900739312,
            "count": 1
        },
        "VacumBrain.Losses.ValueLoss.sum": {
            "value": 0.3529399160295725,
            "min": 0.3529399160295725,
            "max": 0.3529399160295725,
            "count": 1
        },
        "VacumBrain.Policy.LearningRate.mean": {
            "value": 0.00028460130513289995,
            "min": 0.00028460130513289995,
            "max": 0.00028460130513289995,
            "count": 1
        },
        "VacumBrain.Policy.LearningRate.sum": {
            "value": 0.0011384052205315998,
            "min": 0.0011384052205315998,
            "max": 0.0011384052205315998,
            "count": 1
        },
        "VacumBrain.Policy.Epsilon.mean": {
            "value": 0.19486710000000002,
            "min": 0.19486710000000002,
            "max": 0.19486710000000002,
            "count": 1
        },
        "VacumBrain.Policy.Epsilon.sum": {
            "value": 0.7794684000000001,
            "min": 0.7794684000000001,
            "max": 0.7794684000000001,
            "count": 1
        },
        "VacumBrain.Policy.Beta.mean": {
            "value": 0.00474386829,
            "min": 0.00474386829,
            "max": 0.00474386829,
            "count": 1
        },
        "VacumBrain.Policy.Beta.sum": {
            "value": 0.01897547316,
            "min": 0.01897547316,
            "max": 0.01897547316,
            "count": 1
        },
        "VacumBrain.IsTraining.mean": {
            "value": 1.0,
            "min": 1.0,
            "max": 1.0,
            "count": 1
        },
        "VacumBrain.IsTraining.sum": {
            "value": 1.0,
            "min": 1.0,
            "max": 1.0,
            "count": 1
        }
    },
    "metadata": {
        "timer_format_version": "0.1.0",
        "start_time_seconds": "1758017642",
        "python_version": "3.10.12 | packaged by Anaconda, Inc. | (main, Jul  5 2023, 19:01:18) [MSC v.1916 64 bit (AMD64)]",
        "command_line_arguments": "C:\\Users\\sandb\\anaconda3\\envs\\mlagents\\Scripts\\mlagents-learn ./results/Stage2/configuration.yaml --run-id=Stage2.1 --env=Robotdamsugare.exe --no-graphics",
        "mlagents_version": "1.1.0",
        "mlagents_envs_version": "1.1.0",
        "communication_protocol_version": "1.5.0",
        "pytorch_version": "2.8.0+cpu",
        "numpy_version": "1.23.5",
        "end_time_seconds": "1758017836"
    },
    "total": 193.77040280000074,
    "count": 1,
    "self": 10.023017700004857,
    "children": {
        "run_training.setup": {
            "total": 0.25231840000196826,
            "count": 1,
            "self": 0.25231840000196826
        },
        "TrainerController.start_learning": {
            "total": 183.4950666999939,
            "count": 1,
            "self": 0.29443959933996666,
            "children": {
                "TrainerController._reset_env": {
                    "total": 15.03367309999885,
                    "count": 1,
                    "self": 15.03367309999885
                },
                "TrainerController.advance": {
                    "total": 167.80004220064438,
                    "count": 3293,
                    "self": 0.3270992014731746,
                    "children": {
                        "env_step": {
                            "total": 98.6771817990957,
                            "count": 3293,
                            "self": 75.52306169953954,
                            "children": {
                                "SubprocessEnvManager._take_step": {
                                    "total": 22.986652299558045,
                                    "count": 3293,
                                    "self": 0.79521439941891,
                                    "children": {
                                        "TorchPolicy.evaluate": {
                                            "total": 22.191437900139135,
                                            "count": 2642,
                                            "self": 22.191437900139135
                                        }
                                    }
                                },
                                "workers": {
                                    "total": 0.16746779999812134,
                                    "count": 3292,
                                    "self": 0.0,
                                    "children": {
                                        "worker_root": {
                                            "total": 172.24631160034915,
                                            "count": 3292,
                                            "is_parallel": true,
                                            "self": 116.98639720032224,
                                            "children": {
                                                "steps_from_proto": {
                                                    "total": 0.0018044999887933955,
                                                    "count": 1,
                                                    "is_parallel": true,