{"count":1,"self":324.1138688,"total":577.0101958,"children":{"InitializeActuators":{"count":1,"self":0.0025377999999999998,"total":0.0025377999999999998,"children":null},"InitializeSensors":{"count":1,"self":0.0025085999999999997,"total":0.0025085999999999997,"children":null},"AgentSendState":{"count":147334,"self":4.057478,"total":22.3746889,"children":{"CollectObservations":{"count":29467,"self":0.0688459,"total":0.0688459,"children":null},"WriteActionMask":{"count":29467,"self":0.0540641,"total":0.0540641,"children":null},"RequestDecision":{"count":29467,"self":0.33372229999999997,"total":18.194301,"children":{"AgentInfo.ToProto":{"count":29467,"self":0.4558445,"total":17.860578699999998,"children":{"GenerateSensorData":{"count":29467,"self":17.254668799999997,"total":17.4047342,"children":{"RayPerceptionSensor.Perceive":{"count":29467,"self":0.1500658,"total":0.1500658,"children":null}}}}}}}}},"DecideAction":{"count":147334,"self":227.5558912,"total":227.5558838,"children":null},"AgentAct":{"count":147334,"self":2.4595008,"total":2.4595008,"children":null},"AgentInfo.ToProto":{"count":901,"self":0.0187772,"total":0.50120219999999993,"children":{"GenerateSensorData":{"count":901,"self":0.4778128,"total":0.482425,"children":{"RayPerceptionSensor.Perceive":{"count":901,"self":0.0046121999999999995,"total":0.0046121999999999995,"children":null}}}}}},"gauges":{"CarBrain.CumulativeReward":{"count":901,"max":1.11241126,"min":-5.9407115,"runningAverage":0.9377534,"value":1.03004718,"weightedAverage":1.06392491}},"metadata":{"timer_format_version":"0.1.0","start_time_seconds":"1758186220","unity_version":"6000.0.25f1","command_line_arguments":"C:\\Program Files\\Unity\\Hub\\Editor\\6000.0.25f1\\Editor\\Unity.exe -projectpath C:\\Users\\sandb\\Documents\\Unity\\Robotdamsugare -useHub -hubIPC -cloudEnvironment production","communication_protocol_version":"1.5.0","com.unity.ml-agents_version":"4.0.0","scene_name":"Demo","end_time_seconds":"1758186797"}}